Time,Open,High,Low,Close,Volume
2021-01-03T22:00:00.000000000Z,1.22415,1.22460,1.22368,1.22437,81
2021-01-03T22:30:00.000000000Z,1.22430,1.22446,1.22353,1.22374,103
2021-01-03T23:00:00.000000000Z,1.22364,1.22457,1.22327,1.22410,668
2021-01-03T23:30:00.000000000Z,1.22409,1.22537,1.22403,1.22508,955
2021-01-04T00:00:00.000000000Z,1.22506,1.22507,1.22416,1.22464,1633
2021-01-04T00:30:00.000000000Z,1.22464,1.22464,1.22395,1.22417,1297
2021-01-04T01:00:00.000000000Z,1.22418,1.22513,1.22408,1.22454,1403
2021-01-04T01:30:00.000000000Z,1.22456,1.22566,1.22423,1.22534,1746
2021-01-04T02:00:00.000000000Z,1.22533,1.22590,1.22517,1.22556,1457
2021-01-04T02:30:00.000000000Z,1.22560,1.22592,1.22503,1.22549,1183
2021-01-04T03:00:00.000000000Z,1.22550,1.22584,1.22508,1.22583,1013
2021-01-04T03:30:00.000000000Z,1.22581,1.22585,1.22494,1.22557,1218
2021-01-04T04:00:00.000000000Z,1.22559,1.22559,1.22489,1.22497,658
2021-01-04T04:30:00.000000000Z,1.22498,1.22509,1.22444,1.22496,972
2021-01-04T05:00:00.000000000Z,1.22498,1.22503,1.22422,1.22453,960
2021-01-04T05:30:00.000000000Z,1.22454,1.22601,1.22453,1.22563,1096
2021-01-04T06:00:00.000000000Z,1.22564,1.22575,1.22428,1.22463,2327
2021-01-04T06:30:00.000000000Z,1.22464,1.22585,1.22464,1.22570,1499
2021-01-04T07:00:00.000000000Z,1.22571,1.22693,1.22549,1.22660,2502
2021-01-04T07:30:00.000000000Z,1.22662,1.22698,1.22575,1.22646,2521
2021-01-04T08:00:00.000000000Z,1.22645,1.22750,1.22628,1.22732,4148
2021-01-04T08:30:00.000000000Z,1.22731,1.22876,1.22719,1.22820,3357
2021-01-04T09:00:00.000000000Z,1.22821,1.22960,1.22797,1.22948,3149
2021-01-04T09:30:00.000000000Z,1.22950,1.23013,1.22901,1.22940,3137
2021-01-04T10:00:00.000000000Z,1.22939,1.23007,1.22905,1.22937,2425
2021-01-04T10:30:00.000000000Z,1.22934,1.22994,1.22905,1.22931,2414
2021-01-04T11:00:00.000000000Z,1.22931,1.23004,1.22930,1.22981,2163
2021-01-04T11:30:00.000000000Z,1.22982,1.22997,1.22921,1.22938,2542
2021-01-04T12:00:00.000000000Z,1.22937,1.23008,1.22878,1.23001,3170
2021-01-04T12:30:00.000000000Z,1.23002,1.23070,1.22948,1.23042,2667
2021-01-04T13:00:00.000000000Z,1.23043,1.23058,1.22870,1.22893,3806
2021-01-04T13:30:00.000000000Z,1.22895,1.23051,1.22895,1.22997,3916
2021-01-04T14:00:00.000000000Z,1.22997,1.23108,1.22943,1.23071,3895
2021-01-04T14:30:00.000000000Z,1.23071,1.23087,1.22844,1.22900,5730
2021-01-04T15:00:00.000000000Z,1.22902,1.22916,1.22718,1.22718,4877
2021-01-04T15:30:00.000000000Z,1.22716,1.22746,1.22613,1.22724,5854
2021-01-04T16:00:00.000000000Z,1.22725,1.22782,1.22674,1.22680,4921
2021-01-04T16:30:00.000000000Z,1.22681,1.22719,1.22532,1.22544,4380
2021-01-04T17:00:00.000000000Z,1.22543,1.22610,1.22509,1.22599,3664
2021-01-04T17:30:00.000000000Z,1.22599,1.22620,1.22508,1.22537,3471
2021-01-04T18:00:00.000000000Z,1.22535,1.22575,1.22460,1.22505,2698
2021-01-04T18:30:00.000000000Z,1.22506,1.22533,1.22433,1.22517,1914
2021-01-04T19:00:00.000000000Z,1.22519,1.22522,1.22447,1.22487,1874
2021-01-04T19:30:00.000000000Z,1.22486,1.22533,1.22471,1.22529,1788
2021-01-04T20:00:00.000000000Z,1.22527,1.22530,1.22446,1.22463,1724
2021-01-04T20:30:00.000000000Z,1.22462,1.22501,1.22421,1.22500,1927
2021-01-04T21:00:00.000000000Z,1.22499,1.22503,1.22427,1.22427,1019
2021-01-04T21:30:00.000000000Z,1.22427,1.22539,1.22425,1.22534,809
2021-01-04T22:00:00.000000000Z,1.22534,1.22560,1.22491,1.22522,45
2021-01-04T22:30:00.000000000Z,1.22517,1.22518,1.22510,1.22516,36
2021-01-04T23:00:00.000000000Z,1.22518,1.22546,1.22479,1.22491,471
2021-01-04T23:30:00.000000000Z,1.22491,1.22540,1.22491,1.22534,580
2021-01-05T00:00:00.000000000Z,1.22533,1.22536,1.22480,1.22533,853
2021-01-05T00:30:00.000000000Z,1.22534,1.22578,1.22527,1.22565,957
2021-01-05T01:00:00.000000000Z,1.22566,1.22639,1.22558,1.22631,1147
2021-01-05T01:30:00.000000000Z,1.22631,1.22636,1.22574,1.22579,906
2021-01-05T02:00:00.000000000Z,1.22580,1.22658,1.22577,1.22656,776
2021-01-05T02:30:00.000000000Z,1.22656,1.22737,1.22651,1.22712,1144
2021-01-05T03:00:00.000000000Z,1.22713,1.22762,1.22686,1.22762,1015
2021-01-05T03:30:00.000000000Z,1.22762,1.22777,1.22683,1.22734,1290
2021-01-05T04:00:00.000000000Z,1.22734,1.22734,1.22668,1.22680,1116
2021-01-05T04:30:00.000000000Z,1.22682,1.22710,1.22671,1.22698,771
2021-01-05T05:00:00.000000000Z,1.22696,1.22730,1.22696,1.22715,825
2021-01-05T05:30:00.000000000Z,1.22715,1.22743,1.22680,1.22730,1054
2021-01-05T06:00:00.000000000Z,1.22730,1.22739,1.22675,1.22680,1333
2021-01-05T06:30:00.000000000Z,1.22681,1.22751,1.22674,1.22706,1529
2021-01-05T07:00:00.000000000Z,1.22703,1.22718,1.22620,1.22708,2422
2021-01-05T07:30:00.000000000Z,1.22708,1.22713,1.22560,1.22590,2622
2021-01-05T08:00:00.000000000Z,1.22592,1.22794,1.22588,1.22678,3796
2021-01-05T08:30:00.000000000Z,1.22679,1.22761,1.22620,1.22751,3464
2021-01-05T09:00:00.000000000Z,1.22748,1.22848,1.22727,1.22845,2750
2021-01-05T09:30:00.000000000Z,1.22845,1.22847,1.22692,1.22730,2643
2021-01-05T10:00:00.000000000Z,1.22733,1.22851,1.22721,1.22820,2627
2021-01-05T10:30:00.000000000Z,1.22821,1.22850,1.22762,1.22780,1973
2021-01-05T11:00:00.000000000Z,1.22781,1.22857,1.22774,1.22838,2361
2021-01-05T11:30:00.000000000Z,1.22837,1.22914,1.22820,1.22838,2220
2021-01-05T12:00:00.000000000Z,1.22837,1.22853,1.22678,1.22722,2689
2021-01-05T12:30:00.000000000Z,1.22724,1.22787,1.22665,1.22733,3261
2021-01-05T13:00:00.000000000Z,1.22731,1.22766,1.22660,1.22691,3213
2021-01-05T13:30:00.000000000Z,1.22696,1.22737,1.22611,1.22633,3525
2021-01-05T14:00:00.000000000Z,1.22634,1.22755,1.22628,1.22739,2811
2021-01-05T14:30:00.000000000Z,1.22741,1.22793,1.22598,1.22656,5163
2021-01-05T15:00:00.000000000Z,1.22653,1.22675,1.22547,1.22658,5748
2021-01-05T15:30:00.000000000Z,1.22657,1.22834,1.22614,1.22763,5023
2021-01-05T16:00:00.000000000Z,1.22764,1.22826,1.22740,1.22816,3934
2021-01-05T16:30:00.000000000Z,1.22815,1.22975,1.22814,1.22952,4054
2021-01-05T17:00:00.000000000Z,1.22953,1.23060,1.22934,1.22994,3760
2021-01-05T17:30:00.000000000Z,1.22993,1.23029,1.22974,1.23003,2366
2021-01-05T18:00:00.000000000Z,1.23004,1.23056,1.22975,1.23031,1695
2021-01-05T18:30:00.000000000Z,1.23031,1.23034,1.22934,1.22941,2062
2021-01-05T19:00:00.000000000Z,1.22942,1.23010,1.22905,1.22996,1755
2021-01-05T19:30:00.000000000Z,1.22997,1.23045,1.22975,1.23041,1320
2021-01-05T20:00:00.000000000Z,1.23039,1.23065,1.22982,1.22984,1394
2021-01-05T20:30:00.000000000Z,1.22983,1.23003,1.22935,1.22944,1364
2021-01-05T21:00:00.000000000Z,1.22943,1.22951,1.22902,1.22935,644
2021-01-05T21:30:00.000000000Z,1.22935,1.23015,1.22924,1.23004,453
2021-01-05T22:00:00.000000000Z,1.23004,1.23036,1.22970,1.22990,34
2021-01-05T22:30:00.000000000Z,1.22986,1.22992,1.22972,1.22977,45
2021-01-05T23:00:00.000000000Z,1.22981,1.23010,1.22955,1.22986,528
2021-01-05T23:30:00.000000000Z,1.22986,1.23025,1.22972,1.22996,421
2021-01-06T00:00:00.000000000Z,1.22997,1.23040,1.22928,1.22976,1251
2021-01-06T00:30:00.000000000Z,1.22979,1.23282,1.22928,1.23097,3055
2021-01-06T01:00:00.000000000Z,1.23099,1.23162,1.22894,1.22927,3596
2021-01-06T01:30:00.000000000Z,1.22927,1.22971,1.22819,1.22901,2941
2021-01-06T02:00:00.000000000Z,1.22902,1.22944,1.22830,1.22877,1910
2021-01-06T02:30:00.000000000Z,1.22877,1.22917,1.22776,1.22796,1653
2021-01-06T03:00:00.000000000Z,1.22794,1.22964,1.22765,1.22897,2170
2021-01-06T03:30:00.000000000Z,1.22900,1.22915,1.22854,1.22867,1373
2021-01-06T04:00:00.000000000Z,1.22866,1.23075,1.22844,1.22985,1971
2021-01-06T04:30:00.000000000Z,1.22983,1.23024,1.22914,1.22925,1868
2021-01-06T05:00:00.000000000Z,1.22924,1.23064,1.22924,1.23058,1285
2021-01-06T05:30:00.000000000Z,1.23060,1.23068,1.22969,1.22973,988
2021-01-06T06:00:00.000000000Z,1.22973,1.23071,1.22973,1.23032,1607
2021-01-06T06:30:00.000000000Z,1.23032,1.23229,1.23026,1.23172,2268
2021-01-06T07:00:00.000000000Z,1.23175,1.23357,1.23135,1.23306,4543
2021-01-06T07:30:00.000000000Z,1.23308,1.23465,1.23277,1.23403,4394
2021-01-06T08:00:00.000000000Z,1.23406,1.23413,1.23233,1.23257,5129
2021-01-06T08:30:00.000000000Z,1.23256,1.23382,1.23229,1.23257,3759
2021-01-06T09:00:00.000000000Z,1.23256,1.23390,1.23213,1.23354,4011
2021-01-06T09:30:00.000000000Z,1.23354,1.23398,1.23298,1.23391,3366
2021-01-06T10:00:00.000000000Z,1.23389,1.23452,1.23346,1.23387,3184
2021-01-06T10:30:00.000000000Z,1.23387,1.23427,1.23339,1.23387,3030
2021-01-06T11:00:00.000000000Z,1.23390,1.23476,1.23363,1.23474,3102
2021-01-06T11:30:00.000000000Z,1.23475,1.23503,1.23341,1.23380,3315
2021-01-06T12:00:00.000000000Z,1.23380,1.23504,1.23349,1.23454,2998
2021-01-06T12:30:00.000000000Z,1.23453,1.23472,1.23305,1.23410,4433
2021-01-06T13:00:00.000000000Z,1.23408,1.23457,1.23309,1.23421,3901
2021-01-06T13:30:00.000000000Z,1.23419,1.23431,1.23175,1.23205,4370
2021-01-06T14:00:00.000000000Z,1.23205,1.23210,1.22938,1.22995,6226
2021-01-06T14:30:00.000000000Z,1.22994,1.23215,1.22931,1.23102,7421
2021-01-06T15:00:00.000000000Z,1.23100,1.23184,1.23052,1.23115,5406
2021-01-06T15:30:00.000000000Z,1.23116,1.23142,1.22760,1.22831,6343
2021-01-06T16:00:00.000000000Z,1.22830,1.22849,1.22665,1.22798,6027
2021-01-06T16:30:00.000000000Z,1.22797,1.22934,1.22782,1.22904,3492
2021-01-06T17:00:00.000000000Z,1.22905,1.23049,1.22860,1.23043,3023
2021-01-06T17:30:00.000000000Z,1.23041,1.23044,1.22977,1.22997,2164
2021-01-06T18:00:00.000000000Z,1.22997,1.23113,1.22972,1.23055,2247
2021-01-06T18:30:00.000000000Z,1.23054,1.23182,1.23048,1.23120,2050
2021-01-06T19:00:00.000000000Z,1.23129,1.23139,1.22987,1.23053,3376
2021-01-06T19:30:00.000000000Z,1.23052,1.23170,1.22984,1.23077,5090
2021-01-06T20:00:00.000000000Z,1.23077,1.23413,1.23075,1.23324,4727
2021-01-06T20:30:00.000000000Z,1.23325,1.23349,1.23226,1.23245,3950
2021-01-06T21:00:00.000000000Z,1.23247,1.23276,1.23224,1.23237,1145
2021-01-06T21:30:00.000000000Z,1.23237,1.23321,1.23233,1.23310,1107
2021-01-06T22:00:00.000000000Z,1.23285,1.23334,1.23283,1.23297,59
2021-01-06T22:30:00.000000000Z,1.23290,1.23313,1.23269,1.23302,128
2021-01-06T23:00:00.000000000Z,1.23307,1.23407,1.23287,1.23403,543
2021-01-06T23:30:00.000000000Z,1.23403,1.23408,1.23370,1.23390,377
2021-01-07T00:00:00.000000000Z,1.23393,1.23454,1.23340,1.23388,1364
2021-01-07T00:30:00.000000000Z,1.23391,1.23401,1.23310,1.23334,1130
2021-01-07T01:00:00.000000000Z,1.23335,1.23352,1.23299,1.23321,1260
2021-01-07T01:30:00.000000000Z,1.23323,1.23380,1.23291,1.23313,1353
2021-01-07T02:00:00.000000000Z,1.23315,1.23332,1.23196,1.23211,1702
2021-01-07T02:30:00.000000000Z,1.23212,1.23280,1.23205,1.23252,1194
2021-01-07T03:00:00.000000000Z,1.23254,1.23294,1.23243,1.23267,1012
2021-01-07T03:30:00.000000000Z,1.23268,1.23285,1.23259,1.23283,588
2021-01-07T04:00:00.000000000Z,1.23284,1.23323,1.23275,1.23293,796
2021-01-07T04:30:00.000000000Z,1.23295,1.23303,1.23248,1.23256,527
2021-01-07T05:00:00.000000000Z,1.23258,1.23263,1.23161,1.23171,1040
2021-01-07T05:30:00.000000000Z,1.23171,1.23177,1.23116,1.23136,970
2021-01-07T06:00:00.000000000Z,1.23134,1.23202,1.23080,1.23192,1780
2021-01-07T06:30:00.000000000Z,1.23189,1.23257,1.23176,1.23214,1419
2021-01-07T07:00:00.000000000Z,1.23212,1.23264,1.23151,1.23173,2521
2021-01-07T07:30:00.000000000Z,1.23174,1.23185,1.23087,1.23120,2977
2021-01-07T08:00:00.000000000Z,1.23119,1.23179,1.22936,1.23069,5010
2021-01-07T08:30:00.000000000Z,1.23068,1.23106,1.22938,1.22950,4125
2021-01-07T09:00:00.000000000Z,1.22951,1.22965,1.22816,1.22863,4238
2021-01-07T09:30:00.000000000Z,1.22864,1.22887,1.22649,1.22698,4722
2021-01-07T10:00:00.000000000Z,1.22698,1.22751,1.22521,1.22548,4123
2021-01-07T10:30:00.000000000Z,1.22548,1.22605,1.22457,1.22503,4072
2021-01-07T11:00:00.000000000Z,1.22502,1.22603,1.22486,1.22593,3225
2021-01-07T11:30:00.000000000Z,1.22594,1.22670,1.22552,1.22576,2748
2021-01-07T12:00:00.000000000Z,1.22574,1.22697,1.22514,1.22679,2972
2021-01-07T12:30:00.000000000Z,1.22679,1.22741,1.22640,1.22681,2650
2021-01-07T13:00:00.000000000Z,1.22683,1.22794,1.22659,1.22736,3535
2021-01-07T13:30:00.000000000Z,1.22738,1.22781,1.22626,1.22695,4207
2021-01-07T14:00:00.000000000Z,1.22692,1.22835,1.22663,1.22693,4948
2021-01-07T14:30:00.000000000Z,1.22693,1.22777,1.22541,1.22598,6730
2021-01-07T15:00:00.000000000Z,1.22599,1.22656,1.22470,1.22552,6630
2021-01-07T15:30:00.000000000Z,1.22552,1.22686,1.22510,1.22601,5436
2021-01-07T16:00:00.000000000Z,1.22599,1.22754,1.22597,1.22726,4043
2021-01-07T16:30:00.000000000Z,1.22728,1.22782,1.22623,1.22646,3135
2021-01-07T17:00:00.000000000Z,1.22645,1.22722,1.22569,1.22575,2495
2021-01-07T17:30:00.000000000Z,1.22575,1.22704,1.22554,1.22663,2287
2021-01-07T18:00:00.000000000Z,1.22666,1.22737,1.22637,1.22721,1739
2021-01-07T18:30:00.000000000Z,1.22721,1.22798,1.22716,1.22748,2086
2021-01-07T19:00:00.000000000Z,1.22748,1.22763,1.22647,1.22669,1764
2021-01-07T19:30:00.000000000Z,1.22671,1.22753,1.22658,1.22683,1703
2021-01-07T20:00:00.000000000Z,1.22685,1.22727,1.22652,1.22711,1672
2021-01-07T20:30:00.000000000Z,1.22713,1.22716,1.22638,1.22665,1364
2021-01-07T21:00:00.000000000Z,1.22664,1.22769,1.22637,1.22738,1109
2021-01-07T21:30:00.000000000Z,1.22738,1.22779,1.22693,1.22706,847
2021-01-07T22:00:00.000000000Z,1.22779,1.22779,1.22655,1.22655,72
2021-01-07T22:30:00.000000000Z,1.22677,1.22709,1.22646,1.22686,139
2021-01-07T23:00:00.000000000Z,1.22690,1.22748,1.22687,1.22691,531
2021-01-07T23:30:00.000000000Z,1.22691,1.22719,1.22682,1.22698,450
2021-01-08T00:00:00.000000000Z,1.22701,1.22722,1.22643,1.22718,948
2021-01-08T00:30:00.000000000Z,1.22719,1.22733,1.22575,1.22585,1379
2021-01-08T01:00:00.000000000Z,1.22587,1.22610,1.22357,1.22383,2474
2021-01-08T01:30:00.000000000Z,1.22381,1.22538,1.22375,1.22488,1955
2021-01-08T02:00:00.000000000Z,1.22487,1.22583,1.22465,1.22570,1398
2021-01-08T02:30:00.000000000Z,1.22568,1.22614,1.22549,1.22607,1449
2021-01-08T03:00:00.000000000Z,1.22606,1.22649,1.22596,1.22632,1285
2021-01-08T03:30:00.000000000Z,1.22635,1.22655,1.22612,1.22629,724
2021-01-08T04:00:00.000000000Z,1.22629,1.22635,1.22595,1.22609,735
2021-01-08T04:30:00.000000000Z,1.22611,1.22642,1.22569,1.22640,705
2021-01-08T05:00:00.000000000Z,1.22642,1.22690,1.22613,1.22647,856
2021-01-08T05:30:00.000000000Z,1.22646,1.22658,1.22576,1.22586,1071
2021-01-08T06:00:00.000000000Z,1.22586,1.22669,1.22582,1.22639,1340
2021-01-08T06:30:00.000000000Z,1.22641,1.22690,1.22625,1.22640,1368
2021-01-08T07:00:00.000000000Z,1.22640,1.22698,1.22589,1.22630,2444
2021-01-08T07:30:00.000000000Z,1.22628,1.22633,1.22331,1.22398,3570
2021-01-08T08:00:00.000000000Z,1.22395,1.22395,1.22140,1.22301,6450
2021-01-08T08:30:00.000000000Z,1.22300,1.22333,1.22203,1.22243,3936
2021-01-08T09:00:00.000000000Z,1.22245,1.22345,1.22183,1.22321,3690
2021-01-08T09:30:00.000000000Z,1.22322,1.22415,1.22224,1.22415,3281
2021-01-08T10:00:00.000000000Z,1.22417,1.22455,1.22369,1.22404,2738
2021-01-08T10:30:00.000000000Z,1.22405,1.22437,1.22388,1.22401,1863
2021-01-08T11:00:00.000000000Z,1.22399,1.22521,1.22330,1.22478,2712
2021-01-08T11:30:00.000000000Z,1.22480,1.22545,1.22456,1.22512,2217
2021-01-08T12:00:00.000000000Z,1.22511,1.22533,1.22462,1.22494,2608
2021-01-08T12:30:00.000000000Z,1.22496,1.22535,1.22462,1.22493,2757
2021-01-08T13:00:00.000000000Z,1.22492,1.22548,1.22466,1.22524,3023
2021-01-08T13:30:00.000000000Z,1.22529,1.22857,1.22355,1.22718,10337
2021-01-08T14:00:00.000000000Z,1.22716,1.22842,1.22596,1.22784,5724
2021-01-08T14:30:00.000000000Z,1.22786,1.22830,1.22442,1.22504,7520
2021-01-08T15:00:00.000000000Z,1.22506,1.22572,1.22230,1.22258,6910
2021-01-08T15:30:00.000000000Z,1.22257,1.22591,1.22251,1.22559,6070
2021-01-08T16:00:00.000000000Z,1.22559,1.22638,1.22374,1.22473,7345
2021-01-08T16:30:00.000000000Z,1.22471,1.22645,1.22457,1.22526,4276
2021-01-08T17:00:00.000000000Z,1.22523,1.22538,1.22327,1.22352,3264
2021-01-08T17:30:00.000000000Z,1.22349,1.22374,1.22250,1.22293,3465
2021-01-08T18:00:00.000000000Z,1.22292,1.22294,1.22047,1.22135,3073
2021-01-08T18:30:00.000000000Z,1.22135,1.22138,1.21939,1.21957,3688
2021-01-08T19:00:00.000000000Z,1.21961,1.22124,1.21957,1.22078,2598
2021-01-08T19:30:00.000000000Z,1.22075,1.22184,1.22048,1.22155,2074
2021-01-08T20:00:00.000000000Z,1.22156,1.22207,1.22126,1.22192,1668
2021-01-08T20:30:00.000000000Z,1.22190,1.22277,1.22174,1.22270,1593
2021-01-08T21:00:00.000000000Z,1.22269,1.22281,1.22223,1.22238,585
2021-01-08T21:30:00.000000000Z,1.22239,1.22276,1.22176,1.22254,1044
2021-01-10T22:00:00.000000000Z,1.22240,1.22319,1.22187,1.22319,91
2021-01-10T22:30:00.000000000Z,1.22324,1.22324,1.22178,1.22222,72
2021-01-10T23:00:00.000000000Z,1.22228,1.22231,1.21979,1.22017,1139
2021-01-10T23:30:00.000000000Z,1.22017,1.22060,1.21833,1.21880,1452
2021-01-11T00:00:00.000000000Z,1.21879,1.21969,1.21832,1.21848,1446
2021-01-11T00:30:00.000000000Z,1.21846,1.21925,1.21821,1.21896,1242
2021-01-11T01:00:00.000000000Z,1.21896,1.21916,1.21742,1.21774,1514
2021-01-11T01:30:00.000000000Z,1.21773,1.21831,1.21721,1.21786,1474
2021-01-11T02:00:00.000000000Z,1.21784,1.21789,1.21677,1.21764,1302
2021-01-11T02:30:00.000000000Z,1.21762,1.21810,1.21722,1.21810,1096
2021-01-11T03:00:00.000000000Z,1.21808,1.21811,1.21725,1.21762,976
2021-01-11T03:30:00.000000000Z,1.21760,1.21793,1.21719,1.21741,699
2021-01-11T04:00:00.000000000Z,1.21743,1.21776,1.21674,1.21691,810
2021-01-11T04:30:00.000000000Z,1.21688,1.21752,1.21684,1.21745,788
2021-01-11T05:00:00.000000000Z,1.21747,1.21753,1.21708,1.21744,874
2021-01-11T05:30:00.000000000Z,1.21743,1.21831,1.21730,1.21823,1188
2021-01-11T06:00:00.000000000Z,1.21823,1.21861,1.21780,1.21853,1728
2021-01-11T06:30:00.000000000Z,1.21855,1.21914,1.21840,1.21907,1676
2021-01-11T07:00:00.000000000Z,1.21910,1.21944,1.21844,1.21892,2718
2021-01-11T07:30:00.000000000Z,1.21893,1.21895,1.21776,1.21792,2815
2021-01-11T08:00:00.000000000Z,1.21791,1.21993,1.21790,1.21931,4039
2021-01-11T08:30:00.000000000Z,1.21930,1.22005,1.21841,1.21909,3534
2021-01-11T09:00:00.000000000Z,1.21911,1.21946,1.21787,1.21823,3117
2021-01-11T09:30:00.000000000Z,1.21823,1.21877,1.21607,1.21613,3762
2021-01-11T10:00:00.000000000Z,1.21615,1.21658,1.21556,1.21605,3056
2021-01-11T10:30:00.000000000Z,1.21602,1.21681,1.21552,1.21678,2715
2021-01-11T11:00:00.000000000Z,1.21681,1.21697,1.21590,1.21624,2512
2021-01-11T11:30:00.000000000Z,1.21623,1.21697,1.21608,1.21670,2299
2021-01-11T12:00:00.000000000Z,1.21670,1.21690,1.21560,1.21658,2996
2021-01-11T12:30:00.000000000Z,1.21655,1.21728,1.21626,1.21665,2488
2021-01-11T13:00:00.000000000Z,1.21665,1.21690,1.21545,1.21557,2992
2021-01-11T13:30:00.000000000Z,1.21559,1.21566,1.21399,1.21453,4195
2021-01-11T14:00:00.000000000Z,1.21455,1.21581,1.21368,1.21509,5549
2021-01-11T14:30:00.000000000Z,1.21510,1.21589,1.21346,1.21382,6620
2021-01-11T15:00:00.000000000Z,1.21380,1.21544,1.21329,1.21525,4454
2021-01-11T15:30:00.000000000Z,1.21523,1.21564,1.21410,1.21512,4609
2021-01-11T16:00:00.000000000Z,1.21511,1.21633,1.21478,1.21620,3828
2021-01-11T16:30:00.000000000Z,1.21618,1.21724,1.21603,1.21695,3332
2021-01-11T17:00:00.000000000Z,1.21694,1.21751,1.21679,1.21686,2057
2021-01-11T17:30:00.000000000Z,1.21688,1.21719,1.21665,1.21676,1947
2021-01-11T18:00:00.000000000Z,1.21675,1.21724,1.21664,1.21705,1345
2021-01-11T18:30:00.000000000Z,1.21708,1.21721,1.21640,1.21662,1390
2021-01-11T19:00:00.000000000Z,1.21663,1.21702,1.21647,1.21658,1246
2021-01-11T19:30:00.000000000Z,1.21658,1.21691,1.21618,1.21630,1239
2021-01-11T20:00:00.000000000Z,1.21631,1.21660,1.21568,1.21573,1364
2021-01-11T20:30:00.000000000Z,1.21575,1.21599,1.21538,1.21542,1538
2021-01-11T21:00:00.000000000Z,1.21545,1.21587,1.21538,1.21554,616
2021-01-11T21:30:00.000000000Z,1.21553,1.21556,1.21497,1.21526,576
2021-01-11T22:00:00.000000000Z,1.21527,1.21564,1.21527,1.21555,36
2021-01-11T22:30:00.000000000Z,1.21551,1.21610,1.21541,1.21551,54
2021-01-11T23:00:00.000000000Z,1.21544,1.21588,1.21525,1.21567,377
2021-01-11T23:30:00.000000000Z,1.21569,1.21622,1.21569,1.21615,532
2021-01-12T00:00:00.000000000Z,1.21614,1.21626,1.21525,1.21550,846
2021-01-12T00:30:00.000000000Z,1.21549,1.21608,1.21518,1.21603,855
2021-01-12T01:00:00.000000000Z,1.21600,1.21628,1.21419,1.21424,1366
2021-01-12T01:30:00.000000000Z,1.21422,1.21515,1.21413,1.21500,1400
2021-01-12T02:00:00.000000000Z,1.21503,1.21503,1.21422,1.21443,951
2021-01-12T02:30:00.000000000Z,1.21445,1.21489,1.21436,1.21449,708
2021-01-12T03:00:00.000000000Z,1.21451,1.21480,1.21432,1.21473,623
2021-01-12T03:30:00.000000000Z,1.21471,1.21509,1.21462,1.21493,650
2021-01-12T04:00:00.000000000Z,1.21493,1.21493,1.21425,1.21429,603
2021-01-12T04:30:00.000000000Z,1.21428,1.21441,1.21394,1.21436,683
2021-01-12T05:00:00.000000000Z,1.21435,1.21447,1.21408,1.21437,649
2021-01-12T05:30:00.000000000Z,1.21438,1.21560,1.21433,1.21541,1093
2021-01-12T06:00:00.000000000Z,1.21540,1.21570,1.21494,1.21517,1304
2021-01-12T06:30:00.000000000Z,1.21519,1.21621,1.21517,1.21616,1373
2021-01-12T07:00:00.000000000Z,1.21615,1.21699,1.21563,1.21691,2472
2021-01-12T07:30:00.000000000Z,1.21692,1.21760,1.21588,1.21641,2731
2021-01-12T08:00:00.000000000Z,1.21641,1.21664,1.21512,1.21591,3549
2021-01-12T08:30:00.000000000Z,1.21592,1.21680,1.21516,1.21528,2732
2021-01-12T09:00:00.000000000Z,1.21527,1.21799,1.21510,1.21790,3875
2021-01-12T09:30:00.000000000Z,1.21790,1.21797,1.21584,1.21625,3831
2021-01-12T10:00:00.000000000Z,1.21623,1.21674,1.21535,1.21540,3090
2021-01-12T10:30:00.000000000Z,1.21539,1.21574,1.21449,1.21462,2492
2021-01-12T11:00:00.000000000Z,1.21465,1.21509,1.21413,1.21502,2364
2021-01-12T11:30:00.000000000Z,1.21499,1.21591,1.21496,1.21520,2336
2021-01-12T12:00:00.000000000Z,1.21522,1.21606,1.21500,1.21577,2802
2021-01-12T12:30:00.000000000Z,1.21577,1.21593,1.21522,1.21558,3152
2021-01-12T13:00:00.000000000Z,1.21558,1.21656,1.21469,1.21539,3336
2021-01-12T13:30:00.000000000Z,1.21538,1.21563,1.21412,1.21469,3420
2021-01-12T14:00:00.000000000Z,1.21472,1.21582,1.21378,1.21472,3962
2021-01-12T14:30:00.000000000Z,1.21471,1.21596,1.21447,1.21520,4733
2021-01-12T15:00:00.000000000Z,1.21519,1.21645,1.21497,1.21578,3765
2021-01-12T15:30:00.000000000Z,1.21578,1.21672,1.21513,1.21564,4180
2021-01-12T16:00:00.000000000Z,1.21563,1.21665,1.21563,1.21567,2821
2021-01-12T16:30:00.000000000Z,1.21564,1.21691,1.21556,1.21688,2650
2021-01-12T17:00:00.000000000Z,1.21687,1.21737,1.21631,1.21734,2987
2021-01-12T17:30:00.000000000Z,1.21735,1.21785,1.21703,1.21753,2096
2021-01-12T18:00:00.000000000Z,1.21751,1.21841,1.21728,1.21841,2061
2021-01-12T18:30:00.000000000Z,1.21841,1.21941,1.21827,1.21878,2552
2021-01-12T19:00:00.000000000Z,1.21879,1.22018,1.21874,1.21998,2270
2021-01-12T19:30:00.000000000Z,1.22001,1.22081,1.21994,1.22003,2651
2021-01-12T20:00:00.000000000Z,1.22004,1.22079,1.21987,1.22040,1903
2021-01-12T20:30:00.000000000Z,1.22044,1.22089,1.22025,1.22062,1580
2021-01-12T21:00:00.000000000Z,1.22064,1.22083,1.22032,1.22067,719
2021-01-12T21:30:00.000000000Z,1.22066,1.22106,1.22061,1.22089,991
2021-01-12T22:00:00.000000000Z,1.22085,1.22123,1.22058,1.22065,82
2021-01-12T22:30:00.000000000Z,1.22067,1.22072,1.22032,1.22065,115
2021-01-12T23:00:00.000000000Z,1.22065,1.22098,1.22026,1.22081,562
2021-01-12T23:30:00.000000000Z,1.22081,1.22100,1.22050,1.22095,424
2021-01-13T00:00:00.000000000Z,1.22097,1.22168,1.22096,1.22111,986
2021-01-13T00:30:00.000000000Z,1.22110,1.22142,1.22082,1.22086,838
2021-01-13T01:00:00.000000000Z,1.22089,1.22154,1.22058,1.22154,1267
2021-01-13T01:30:00.000000000Z,1.22153,1.22191,1.22138,1.22182,1041
2021-01-13T02:00:00.000000000Z,1.22181,1.22190,1.22141,1.22183,789
2021-01-13T02:30:00.000000000Z,1.22181,1.22202,1.22128,1.22134,692
2021-01-13T03:00:00.000000000Z,1.22136,1.22214,1.22135,1.22204,795
2021-01-13T03:30:00.000000000Z,1.22201,1.22202,1.22153,1.22165,539
2021-01-13T04:00:00.000000000Z,1.22165,1.22165,1.22136,1.22137,468
2021-01-13T04:30:00.000000000Z,1.22136,1.22147,1.22095,1.22095,644
2021-01-13T05:00:00.000000000Z,1.22093,1.22152,1.22093,1.22126,704
2021-01-13T05:30:00.000000000Z,1.22125,1.22129,1.22081,1.22098,647
2021-01-13T06:00:00.000000000Z,1.22098,1.22180,1.22087,1.22173,1088
2021-01-13T06:30:00.000000000Z,1.22172,1.22176,1.22130,1.22148,942
2021-01-13T07:00:00.000000000Z,1.22147,1.22203,1.22133,1.22203,1668
2021-01-13T07:30:00.000000000Z,1.22201,1.22236,1.22034,1.22038,2662
2021-01-13T08:00:00.000000000Z,1.22040,1.22085,1.21949,1.21976,3628
2021-01-13T08:30:00.000000000Z,1.21975,1.22002,1.21863,1.21917,3028
2021-01-13T09:00:00.000000000Z,1.21917,1.21936,1.21830,1.21914,3459
2021-01-13T09:30:00.000000000Z,1.21912,1.21922,1.21836,1.21901,2520
2021-01-13T10:00:00.000000000Z,1.21900,1.21927,1.21740,1.21760,2950
2021-01-13T10:30:00.000000000Z,1.21761,1.21818,1.21734,1.21783,2577
2021-01-13T11:00:00.000000000Z,1.21784,1.21795,1.21725,1.21764,2456
2021-01-13T11:30:00.000000000Z,1.21764,1.21764,1.21615,1.21636,3219
2021-01-13T12:00:00.000000000Z,1.21634,1.21729,1.21634,1.21684,2413
2021-01-13T12:30:00.000000000Z,1.21686,1.21765,1.21680,1.21735,2852
2021-01-13T13:00:00.000000000Z,1.21737,1.21763,1.21636,1.21696,3000
2021-01-13T13:30:00.000000000Z,1.21703,1.21792,1.21553,1.21621,4413
2021-01-13T14:00:00.000000000Z,1.21622,1.21758,1.21565,1.21573,4196
2021-01-13T14:30:00.000000000Z,1.21574,1.21730,1.21545,1.21649,5120
2021-01-13T15:00:00.000000000Z,1.21644,1.21816,1.21611,1.21782,4035
2021-01-13T15:30:00.000000000Z,1.21782,1.21794,1.21580,1.21605,4769
2021-01-13T16:00:00.000000000Z,1.21605,1.21663,1.21526,1.21584,3789
2021-01-13T16:30:00.000000000Z,1.21586,1.21635,1.21552,1.21586,2508
2021-01-13T17:00:00.000000000Z,1.21586,1.21618,1.21406,1.21583,3266
2021-01-13T17:30:00.000000000Z,1.21585,1.21705,1.21543,1.21661,2334
2021-01-13T18:00:00.000000000Z,1.21663,1.21755,1.21660,1.21673,2284
2021-01-13T18:30:00.000000000Z,1.21674,1.21719,1.21611,1.21620,1536
2021-01-13T19:00:00.000000000Z,1.21621,1.21636,1.21547,1.21570,1643
2021-01-13T19:30:00.000000000Z,1.21570,1.21598,1.21534,1.21546,1378
2021-01-13T20:00:00.000000000Z,1.21549,1.21584,1.21549,1.21582,1066
2021-01-13T20:30:00.000000000Z,1.21579,1.21589,1.21495,1.21553,1332
2021-01-13T21:00:00.000000000Z,1.21556,1.21589,1.21540,1.21567,628
2021-01-13T21:30:00.000000000Z,1.21568,1.21594,1.21546,1.21589,709
2021-01-13T22:00:00.000000000Z,1.21595,1.21674,1.21588,1.21609,106
2021-01-13T22:30:00.000000000Z,1.21609,1.21610,1.21575,1.21589,139
2021-01-13T23:00:00.000000000Z,1.21590,1.21610,1.21565,1.21581,213
2021-01-13T23:30:00.000000000Z,1.21578,1.21646,1.21574,1.21628,281
2021-01-14T00:00:00.000000000Z,1.21627,1.21716,1.21609,1.21710,791
2021-01-14T00:30:00.000000000Z,1.21712,1.21716,1.21636,1.21652,740
2021-01-14T01:00:00.000000000Z,1.21651,1.21728,1.21646,1.21685,1077
2021-01-14T01:30:00.000000000Z,1.21686,1.21696,1.21663,1.21668,681
2021-01-14T02:00:00.000000000Z,1.21669,1.21698,1.21491,1.21499,1429
2021-01-14T02:30:00.000000000Z,1.21498,1.21575,1.21369,1.21529,2604
2021-01-14T03:00:00.000000000Z,1.21530,1.21549,1.21416,1.21417,1382
2021-01-14T03:30:00.000000000Z,1.21418,1.21486,1.21396,1.21461,1022
2021-01-14T04:00:00.000000000Z,1.21459,1.21479,1.21441,1.21471,792
2021-01-14T04:30:00.000000000Z,1.21474,1.21511,1.21440,1.21506,681
2021-01-14T05:00:00.000000000Z,1.21505,1.21509,1.21458,1.21483,1290
2021-01-14T05:30:00.000000000Z,1.21484,1.21562,1.21462,1.21560,1166
2021-01-14T06:00:00.000000000Z,1.21559,1.21560,1.21507,1.21513,1257
2021-01-14T06:30:00.000000000Z,1.21516,1.21555,1.21504,1.21508,1198
2021-01-14T07:00:00.000000000Z,1.21508,1.21513,1.21390,1.21480,2320
2021-01-14T07:30:00.000000000Z,1.21479,1.21512,1.21369,1.21438,2450
2021-01-14T08:00:00.000000000Z,1.21438,1.21598,1.21418,1.21483,4151
2021-01-14T08:30:00.000000000Z,1.21481,1.21635,1.21456,1.21591,3013
2021-01-14T09:00:00.000000000Z,1.21593,1.21626,1.21502,1.21536,2610
2021-01-14T09:30:00.000000000Z,1.21539,1.21682,1.21533,1.21668,2969
2021-01-14T10:00:00.000000000Z,1.21668,1.21677,1.21575,1.21615,2464
2021-01-14T10:30:00.000000000Z,1.21616,1.21678,1.21600,1.21664,1955
2021-01-14T11:00:00.000000000Z,1.21664,1.21670,1.21545,1.21547,2322
2021-01-14T11:30:00.000000000Z,1.21548,1.21577,1.21489,1.21523,2176
2021-01-14T12:00:00.000000000Z,1.21524,1.21565,1.21412,1.21440,2392
2021-01-14T12:30:00.000000000Z,1.21440,1.21498,1.21258,1.21309,3447
2021-01-14T13:00:00.000000000Z,1.21310,1.21331,1.21119,1.21142,5603
2021-01-14T13:30:00.000000000Z,1.21140,1.21295,1.21138,1.21205,4077
2021-01-14T14:00:00.000000000Z,1.21206,1.21295,1.21156,1.21217,3826
2021-01-14T14:30:00.000000000Z,1.21216,1.21268,1.21148,1.21178,4873
2021-01-14T15:00:00.000000000Z,1.21178,1.21228,1.21125,1.21217,4038
2021-01-14T15:30:00.000000000Z,1.21216,1.21401,1.21199,1.21364,4494
2021-01-14T16:00:00.000000000Z,1.21363,1.21493,1.21330,1.21489,3905
2021-01-14T16:30:00.000000000Z,1.21489,1.21592,1.21433,1.21551,3146
2021-01-14T17:00:00.000000000Z,1.21554,1.21583,1.21502,1.21533,2385
2021-01-14T17:30:00.000000000Z,1.21534,1.21803,1.21532,1.21662,3428
2021-01-14T18:00:00.000000000Z,1.21664,1.21794,1.21531,1.21560,4589
2021-01-14T18:30:00.000000000Z,1.21562,1.21612,1.21508,1.21512,2632
2021-01-14T19:00:00.000000000Z,1.21512,1.21557,1.21474,1.21526,2306
2021-01-14T19:30:00.000000000Z,1.21525,1.21586,1.21518,1.21559,1422
2021-01-14T20:00:00.000000000Z,1.21560,1.21608,1.21555,1.21592,1367
2021-01-14T20:30:00.000000000Z,1.21593,1.21661,1.21582,1.21648,1817
2021-01-14T21:00:00.000000000Z,1.21650,1.21654,1.21592,1.21612,710
2021-01-14T21:30:00.000000000Z,1.21612,1.21633,1.21545,1.21596,770
2021-01-14T22:00:00.000000000Z,1.21601,1.21604,1.21577,1.21598,19
2021-01-14T22:30:00.000000000Z,1.21610,1.21615,1.21540,1.21540,145
2021-01-14T23:00:00.000000000Z,1.21539,1.21594,1.21537,1.21537,297
2021-01-14T23:30:00.000000000Z,1.21538,1.21540,1.21509,1.21513,312
2021-01-15T00:00:00.000000000Z,1.21514,1.21633,1.21513,1.21595,846
2021-01-15T00:30:00.000000000Z,1.21593,1.21601,1.21533,1.21551,896
2021-01-15T01:00:00.000000000Z,1.21550,1.21583,1.21493,1.21541,1226
2021-01-15T01:30:00.000000000Z,1.21541,1.21541,1.21499,1.21515,707
2021-01-15T02:00:00.000000000Z,1.21518,1.21521,1.21441,1.21472,709
2021-01-15T02:30:00.000000000Z,1.21473,1.21524,1.21472,1.21523,587
2021-01-15T03:00:00.000000000Z,1.21523,1.21556,1.21505,1.21547,677
2021-01-15T03:30:00.000000000Z,1.21546,1.21550,1.21500,1.21501,533
2021-01-15T04:00:00.000000000Z,1.21501,1.21502,1.21443,1.21484,759
2021-01-15T04:30:00.000000000Z,1.21484,1.21518,1.21463,1.21478,657
2021-01-15T05:00:00.000000000Z,1.21477,1.21477,1.21396,1.21424,920
2021-01-15T05:30:00.000000000Z,1.21423,1.21436,1.21361,1.21406,996
2021-01-15T06:00:00.000000000Z,1.21404,1.21447,1.21382,1.21402,1129
2021-01-15T06:30:00.000000000Z,1.21402,1.21409,1.21346,1.21384,1438
2021-01-15T07:00:00.000000000Z,1.21386,1.21470,1.21369,1.21449,2086
2021-01-15T07:30:00.000000000Z,1.21451,1.21475,1.21350,1.21358,2188
2021-01-15T08:00:00.000000000Z,1.21357,1.21420,1.21184,1.21222,4072
2021-01-15T08:30:00.000000000Z,1.21224,1.21330,1.21203,1.21318,2871
2021-01-15T09:00:00.000000000Z,1.21319,1.21424,1.21286,1.21371,2649
2021-01-15T09:30:00.000000000Z,1.21369,1.21407,1.21329,1.21398,2222
2021-01-15T10:00:00.000000000Z,1.21396,1.21421,1.21352,1.21397,2255
2021-01-15T10:30:00.000000000Z,1.21396,1.21452,1.21275,1.21323,2434
2021-01-15T11:00:00.000000000Z,1.21325,1.21379,1.21258,1.21368,2477
2021-01-15T11:30:00.000000000Z,1.21367,1.21369,1.21228,1.21240,2248
2021-01-15T12:00:00.000000000Z,1.21239,1.21250,1.21163,1.21219,3082
2021-01-15T12:30:00.000000000Z,1.21219,1.21260,1.21161,1.21223,2950
2021-01-15T13:00:00.000000000Z,1.21223,1.21275,1.21147,1.21253,2423
2021-01-15T13:30:00.000000000Z,1.21255,1.21337,1.21150,1.21166,4104
2021-01-15T14:00:00.000000000Z,1.21165,1.21175,1.21054,1.21110,4473
2021-01-15T14:30:00.000000000Z,1.21111,1.21185,1.20947,1.20981,4727
2021-01-15T15:00:00.000000000Z,1.20985,1.21028,1.20827,1.20863,6042
2021-01-15T15:30:00.000000000Z,1.20867,1.20979,1.20843,1.20940,5140
2021-01-15T16:00:00.000000000Z,1.20939,1.21008,1.20882,1.20977,3909
2021-01-15T16:30:00.000000000Z,1.20976,1.21011,1.20939,1.20984,2874
2021-01-15T17:00:00.000000000Z,1.20985,1.21011,1.20909,1.20916,2321
2021-01-15T17:30:00.000000000Z,1.20914,1.20959,1.20888,1.20944,1651
2021-01-15T18:00:00.000000000Z,1.20944,1.20944,1.20832,1.20835,2144
2021-01-15T18:30:00.000000000Z,1.20835,1.20852,1.20783,1.20813,1829
2021-01-15T19:00:00.000000000Z,1.20816,1.20856,1.20802,1.20837,1101
2021-01-15T19:30:00.000000000Z,1.20838,1.20849,1.20775,1.20775,1244
2021-01-15T20:00:00.000000000Z,1.20776,1.20821,1.20770,1.20801,922
2021-01-15T20:30:00.000000000Z,1.20802,1.20827,1.20783,1.20789,1243
2021-01-15T21:00:00.000000000Z,1.20789,1.20808,1.20762,1.20766,640
2021-01-15T21:30:00.000000000Z,1.20766,1.20854,1.20759,1.20854,438
2021-01-17T22:00:00.000000000Z,1.20889,1.20889,1.20819,1.20861,38
2021-01-17T22:30:00.000000000Z,1.20841,1.20841,1.20782,1.20808,25
2021-01-17T23:00:00.000000000Z,1.20802,1.20873,1.20771,1.20848,583
2021-01-17T23:30:00.000000000Z,1.20848,1.20848,1.20668,1.20671,1301
2021-01-18T00:00:00.000000000Z,1.20670,1.20768,1.20659,1.20752,1422
2021-01-18T00:30:00.000000000Z,1.20753,1.20790,1.20729,1.20764,1012
2021-01-18T01:00:00.000000000Z,1.20766,1.20776,1.20715,1.20753,1115
2021-01-18T01:30:00.000000000Z,1.20753,1.20819,1.20740,1.20794,1111
2021-01-18T02:00:00.000000000Z,1.20795,1.20830,1.20762,1.20800,991
2021-01-18T02:30:00.000000000Z,1.20798,1.20857,1.20794,1.20837,923
2021-01-18T03:00:00.000000000Z,1.20835,1.20839,1.20713,1.20722,825
2021-01-18T03:30:00.000000000Z,1.20722,1.20772,1.20709,1.20749,858
2021-01-18T04:00:00.000000000Z,1.20750,1.20753,1.20682,1.20700,682
2021-01-18T04:30:00.000000000Z,1.20700,1.20714,1.20661,1.20708,741
2021-01-18T05:00:00.000000000Z,1.20709,1.20722,1.20666,1.20718,800
2021-01-18T05:30:00.000000000Z,1.20718,1.20784,1.20716,1.20784,875
2021-01-18T06:00:00.000000000Z,1.20784,1.20795,1.20744,1.20779,988
2021-01-18T06:30:00.000000000Z,1.20779,1.20825,1.20759,1.20815,829
2021-01-18T07:00:00.000000000Z,1.20814,1.20875,1.20756,1.20804,2109
2021-01-18T07:30:00.000000000Z,1.20807,1.20807,1.20680,1.20682,2505
2021-01-18T08:00:00.000000000Z,1.20682,1.20774,1.20676,1.20720,3416
2021-01-18T08:30:00.000000000Z,1.20722,1.20805,1.20698,1.20705,2652
2021-01-18T09:00:00.000000000Z,1.20703,1.20761,1.20683,1.20707,2984
2021-01-18T09:30:00.000000000Z,1.20708,1.20713,1.20598,1.20628,2930
2021-01-18T10:00:00.000000000Z,1.20628,1.20704,1.20613,1.20620,2140
2021-01-18T10:30:00.000000000Z,1.20622,1.20695,1.20569,1.20680,2028
2021-01-18T11:00:00.000000000Z,1.20681,1.20765,1.20657,1.20722,2537
2021-01-18T11:30:00.000000000Z,1.20724,1.20757,1.20633,1.20660,2105
2021-01-18T12:00:00.000000000Z,1.20661,1.20678,1.20602,1.20608,1892
2021-01-18T12:30:00.000000000Z,1.20609,1.20651,1.20542,1.20567,1897
2021-01-18T13:00:00.000000000Z,1.20568,1.20685,1.20553,1.20657,1888
2021-01-18T13:30:00.000000000Z,1.20658,1.20702,1.20639,1.20667,1830
2021-01-18T14:00:00.000000000Z,1.20669,1.20701,1.20637,1.20660,2028
2021-01-18T14:30:00.000000000Z,1.20660,1.20736,1.20634,1.20723,2197
2021-01-18T15:00:00.000000000Z,1.20725,1.20748,1.20701,1.20703,1408
2021-01-18T15:30:00.000000000Z,1.20702,1.20775,1.20688,1.20754,2145
2021-01-18T16:00:00.000000000Z,1.20755,1.20794,1.20743,1.20781,1429
2021-01-18T16:30:00.000000000Z,1.20779,1.20817,1.20761,1.20773,1176
2021-01-18T17:00:00.000000000Z,1.20773,1.20774,1.20715,1.20720,834
2021-01-18T17:30:00.000000000Z,1.20722,1.20757,1.20714,1.20756,720
2021-01-18T18:00:00.000000000Z,1.20758,1.20764,1.20730,1.20748,339
2021-01-18T18:30:00.000000000Z,1.20747,1.20788,1.20729,1.20747,397
2021-01-18T19:00:00.000000000Z,1.20748,1.20815,1.20745,1.20804,951
2021-01-18T19:30:00.000000000Z,1.20806,1.20832,1.20792,1.20801,501
2021-01-18T20:00:00.000000000Z,1.20798,1.20817,1.20795,1.20813,110
2021-01-18T20:30:00.000000000Z,1.20814,1.20819,1.20781,1.20781,206
2021-01-18T21:00:00.000000000Z,1.20782,1.20794,1.20763,1.20776,266
2021-01-18T21:30:00.000000000Z,1.20776,1.20830,1.20774,1.20797,195
2021-01-18T22:00:00.000000000Z,1.20794,1.20816,1.20794,1.20798,12
2021-01-18T22:30:00.000000000Z,1.20794,1.20803,1.20789,1.20789,13
2021-01-18T23:00:00.000000000Z,1.20784,1.20784,1.20748,1.20768,298
2021-01-18T23:30:00.000000000Z,1.20768,1.20789,1.20764,1.20785,238
2021-01-19T00:00:00.000000000Z,1.20784,1.20865,1.20782,1.20830,601
2021-01-19T00:30:00.000000000Z,1.20832,1.20938,1.20830,1.20870,1019
2021-01-19T01:00:00.000000000Z,1.20869,1.20933,1.20867,1.20924,1162
2021-01-19T01:30:00.000000000Z,1.20925,1.20976,1.20919,1.20941,1194
2021-01-19T02:00:00.000000000Z,1.20943,1.20982,1.20916,1.20960,930
2021-01-19T02:30:00.000000000Z,1.20961,1.20987,1.20954,1.20954,773
2021-01-19T03:00:00.000000000Z,1.20955,1.20972,1.20930,1.20972,783
2021-01-19T03:30:00.000000000Z,1.20974,1.20993,1.20949,1.20978,780
2021-01-19T04:00:00.000000000Z,1.20980,1.20982,1.20946,1.20948,435
2021-01-19T04:30:00.000000000Z,1.20950,1.20976,1.20950,1.20963,397
2021-01-19T05:00:00.000000000Z,1.20964,1.20973,1.20946,1.20962,382
2021-01-19T05:30:00.000000000Z,1.20967,1.20978,1.20916,1.20978,658
2021-01-19T06:00:00.000000000Z,1.20978,1.20987,1.20946,1.20950,1023
2021-01-19T06:30:00.000000000Z,1.20951,1.20989,1.20932,1.20989,888
2021-01-19T07:00:00.000000000Z,1.20990,1.20992,1.20861,1.20911,1892
2021-01-19T07:30:00.000000000Z,1.20908,1.21086,1.20879,1.21050,2773
2021-01-19T08:00:00.000000000Z,1.21049,1.21197,1.21039,1.21171,4245
2021-01-19T08:30:00.000000000Z,1.21171,1.21189,1.21093,1.21101,2841
2021-01-19T09:00:00.000000000Z,1.21102,1.21147,1.21033,1.21146,2823
2021-01-19T09:30:00.000000000Z,1.21148,1.21236,1.21105,1.21189,2790
2021-01-19T10:00:00.000000000Z,1.21196,1.21315,1.21190,1.21282,3325
2021-01-19T10:30:00.000000000Z,1.21281,1.21351,1.21243,1.21291,2680
2021-01-19T11:00:00.000000000Z,1.21290,1.21383,1.21290,1.21322,2177
2021-01-19T11:30:00.000000000Z,1.21325,1.21353,1.21278,1.21281,1966
2021-01-19T12:00:00.000000000Z,1.21282,1.21343,1.21249,1.21300,2130
2021-01-19T12:30:00.000000000Z,1.21300,1.21326,1.21253,1.21267,2215
2021-01-19T13:00:00.000000000Z,1.21269,1.21340,1.21240,1.21316,2409
2021-01-19T13:30:00.000000000Z,1.21315,1.21421,1.21308,1.21367,3062
2021-01-19T14:00:00.000000000Z,1.21366,1.21456,1.21358,1.21415,2758
2021-01-19T14:30:00.000000000Z,1.21416,1.21420,1.21235,1.21268,4253
2021-01-19T15:00:00.000000000Z,1.21268,1.21286,1.21196,1.21246,3720
2021-01-19T15:30:00.000000000Z,1.21244,1.21360,1.21233,1.21289,4334
2021-01-19T16:00:00.000000000Z,1.21288,1.21349,1.21177,1.21201,3446
2021-01-19T16:30:00.000000000Z,1.21202,1.21273,1.21165,1.21254,2001
2021-01-19T17:00:00.000000000Z,1.21256,1.21266,1.21173,1.21213,1777
2021-01-19T17:30:00.000000000Z,1.21213,1.21269,1.21186,1.21218,1745
2021-01-19T18:00:00.000000000Z,1.21220,1.21247,1.21206,1.21208,1465
2021-01-19T18:30:00.000000000Z,1.21206,1.21257,1.21195,1.21224,1024
2021-01-19T19:00:00.000000000Z,1.21223,1.21237,1.21203,1.21210,1023
2021-01-19T19:30:00.000000000Z,1.21213,1.21306,1.21204,1.21259,1355
2021-01-19T20:00:00.000000000Z,1.21260,1.21287,1.21250,1.21259,1065
2021-01-19T20:30:00.000000000Z,1.21258,1.21281,1.21240,1.21277,995
2021-01-19T21:00:00.000000000Z,1.21275,1.21279,1.21253,1.21268,499
2021-01-19T21:30:00.000000000Z,1.21269,1.21305,1.21264,1.21296,470
2021-01-19T22:00:00.000000000Z,1.21293,1.21323,1.21267,1.21293,60
2021-01-19T22:30:00.000000000Z,1.21294,1.21303,1.21283,1.21292,65
2021-01-19T23:00:00.000000000Z,1.21290,1.21402,1.21275,1.21387,482
2021-01-19T23:30:00.000000000Z,1.21386,1.21405,1.21348,1.21401,396
2021-01-20T00:00:00.000000000Z,1.21400,1.21443,1.21283,1.21442,1535
2021-01-20T00:30:00.000000000Z,1.21440,1.21473,1.21414,1.21431,985
2021-01-20T01:00:00.000000000Z,1.21430,1.21459,1.21362,1.21381,906
2021-01-20T01:30:00.000000000Z,1.21385,1.21446,1.21377,1.21416,639
2021-01-20T02:00:00.000000000Z,1.21415,1.21475,1.21405,1.21473,650
2021-01-20T02:30:00.000000000Z,1.21473,1.21503,1.21435,1.21442,814
2021-01-20T03:00:00.000000000Z,1.21443,1.21480,1.21439,1.21445,771
2021-01-20T03:30:00.000000000Z,1.21444,1.21461,1.21430,1.21452,352
2021-01-20T04:00:00.000000000Z,1.21451,1.21455,1.21408,1.21431,489
2021-01-20T04:30:00.000000000Z,1.21430,1.21440,1.21404,1.21412,391
2021-01-20T05:00:00.000000000Z,1.21414,1.21448,1.21411,1.21425,501
2021-01-20T05:30:00.000000000Z,1.21424,1.21452,1.21413,1.21451,422
2021-01-20T06:00:00.000000000Z,1.21452,1.21475,1.21430,1.21445,1015
2021-01-20T06:30:00.000000000Z,1.21444,1.21588,1.21440,1.21493,1637
2021-01-20T07:00:00.000000000Z,1.21496,1.21577,1.21484,1.21556,1869
2021-01-20T07:30:00.000000000Z,1.21556,1.21584,1.21538,1.21565,1626
2021-01-20T08:00:00.000000000Z,1.21564,1.21589,1.21409,1.21431,3341
2021-01-20T08:30:00.000000000Z,1.21430,1.21439,1.21315,1.21358,3557
2021-01-20T09:00:00.000000000Z,1.21357,1.21375,1.21229,1.21233,4130
2021-01-20T09:30:00.000000000Z,1.21231,1.21306,1.21187,1.21282,3145
2021-01-20T10:00:00.000000000Z,1.21283,1.21285,1.21139,1.21212,3072
2021-01-20T10:30:00.000000000Z,1.21211,1.21258,1.21187,1.21219,2692
2021-01-20T11:00:00.000000000Z,1.21219,1.21235,1.21158,1.21177,2357
2021-01-20T11:30:00.000000000Z,1.21179,1.21188,1.21121,1.21128,2433
2021-01-20T12:00:00.000000000Z,1.21129,1.21154,1.21047,1.21106,2561
2021-01-20T12:30:00.000000000Z,1.21104,1.21141,1.20969,1.20990,2939
2021-01-20T13:00:00.000000000Z,1.20992,1.21097,1.20962,1.21095,3135
2021-01-20T13:30:00.000000000Z,1.21093,1.21096,1.21003,1.21078,2519
2021-01-20T14:00:00.000000000Z,1.21077,1.21141,1.20965,1.20997,3271
2021-01-20T14:30:00.000000000Z,1.20996,1.21053,1.20774,1.20810,5006
2021-01-20T15:00:00.000000000Z,1.20813,1.21091,1.20813,1.21032,5328
2021-01-20T15:30:00.000000000Z,1.21032,1.21184,1.21010,1.21060,4722
2021-01-20T16:00:00.000000000Z,1.21061,1.21075,1.20932,1.21007,3562
2021-01-20T16:30:00.000000000Z,1.21006,1.21157,1.20992,1.21107,2486
2021-01-20T17:00:00.000000000Z,1.21109,1.21144,1.21071,1.21071,2049
2021-01-20T17:30:00.000000000Z,1.21074,1.21115,1.21018,1.21075,1875
2021-01-20T18:00:00.000000000Z,1.21074,1.21086,1.21039,1.21074,1317
2021-01-20T18:30:00.000000000Z,1.21075,1.21108,1.21073,1.21098,1253
2021-01-20T19:00:00.000000000Z,1.21097,1.21098,1.21038,1.21059,996
2021-01-20T19:30:00.000000000Z,1.21062,1.21083,1.21037,1.21079,1364
2021-01-20T20:00:00.000000000Z,1.21080,1.21083,1.21025,1.21036,1055
2021-01-20T20:30:00.000000000Z,1.21034,1.21082,1.20996,1.21078,1424
2021-01-20T21:00:00.000000000Z,1.21077,1.21084,1.21053,1.21074,701
2021-01-20T21:30:00.000000000Z,1.21074,1.21084,1.21054,1.21080,521
2021-01-20T22:00:00.000000000Z,1.21078,1.21116,1.21066,1.21085,27
2021-01-20T22:30:00.000000000Z,1.21075,1.21124,1.21062,1.21113,53
2021-01-20T23:00:00.000000000Z,1.21113,1.21189,1.21110,1.21164,346
2021-01-20T23:30:00.000000000Z,1.21168,1.21196,1.21146,1.21153,411
2021-01-21T00:00:00.000000000Z,1.21152,1.21157,1.21115,1.21122,691
2021-01-21T00:30:00.000000000Z,1.21125,1.21184,1.21102,1.21182,705
2021-01-21T01:00:00.000000000Z,1.21182,1.21317,1.21163,1.21273,1430
2021-01-21T01:30:00.000000000Z,1.21275,1.21281,1.21241,1.21246,733
2021-01-21T02:00:00.000000000Z,1.21247,1.21266,1.21242,1.21254,497
2021-01-21T02:30:00.000000000Z,1.21256,1.21344,1.21236,1.21260,1084
2021-01-21T03:00:00.000000000Z,1.21263,1.21329,1.21262,1.21324,906
2021-01-21T03:30:00.000000000Z,1.21323,1.21330,1.21294,1.21304,567
2021-01-21T04:00:00.000000000Z,1.21305,1.21323,1.21300,1.21316,534
2021-01-21T04:30:00.000000000Z,1.21316,1.21316,1.21278,1.21302,448
2021-01-21T05:00:00.000000000Z,1.21304,1.21343,1.21289,1.21336,544
2021-01-21T05:30:00.000000000Z,1.21337,1.21390,1.21332,1.21354,712
2021-01-21T06:00:00.000000000Z,1.21353,1.21378,1.21337,1.21352,981
2021-01-21T06:30:00.000000000Z,1.21353,1.21372,1.21293,1.21318,1218
2021-01-21T07:00:00.000000000Z,1.21318,1.21333,1.21267,1.21283,1887
2021-01-21T07:30:00.000000000Z,1.21283,1.21360,1.21186,1.21203,2657
2021-01-21T08:00:00.000000000Z,1.21202,1.21291,1.21158,1.21200,2994
2021-01-21T08:30:00.000000000Z,1.21198,1.21382,1.21161,1.21327,3514
2021-01-21T09:00:00.000000000Z,1.21326,1.21436,1.21281,1.21418,2771
2021-01-21T09:30:00.000000000Z,1.21419,1.21470,1.21388,1.21429,2563
2021-01-21T10:00:00.000000000Z,1.21430,1.21479,1.21409,1.21422,2395
2021-01-21T10:30:00.000000000Z,1.21422,1.21445,1.21357,1.21398,2420
2021-01-21T11:00:00.000000000Z,1.21400,1.21411,1.21331,1.21380,2044
2021-01-21T11:30:00.000000000Z,1.21379,1.21470,1.21357,1.21440,2093
2021-01-21T12:00:00.000000000Z,1.21438,1.21521,1.21421,1.21497,2573
2021-01-21T12:30:00.000000000Z,1.21494,1.21558,1.21437,1.21439,3106
2021-01-21T13:00:00.000000000Z,1.21440,1.21657,1.21413,1.21632,4440
2021-01-21T13:30:00.000000000Z,1.21628,1.21742,1.21515,1.21523,8446
2021-01-21T14:00:00.000000000Z,1.21524,1.21581,1.21407,1.21459,5550
2021-01-21T14:30:00.000000000Z,1.21458,1.21525,1.21372,1.21506,5402
2021-01-21T15:00:00.000000000Z,1.21508,1.21706,1.21491,1.21702,4334
2021-01-21T15:30:00.000000000Z,1.21703,1.21708,1.21493,1.21518,4944
2021-01-21T16:00:00.000000000Z,1.21519,1.21552,1.21440,1.21456,3453
2021-01-21T16:30:00.000000000Z,1.21456,1.21471,1.21378,1.21430,3159
2021-01-21T17:00:00.000000000Z,1.21432,1.21446,1.21365,1.21419,2293
2021-01-21T17:30:00.000000000Z,1.21419,1.21507,1.21409,1.21493,1724
2021-01-21T18:00:00.000000000Z,1.21491,1.21543,1.21488,1.21532,1493
2021-01-21T18:30:00.000000000Z,1.21531,1.21574,1.21506,1.21559,1099
2021-01-21T19:00:00.000000000Z,1.21559,1.21619,1.21547,1.21589,1539
2021-01-21T19:30:00.000000000Z,1.21587,1.21617,1.21576,1.21608,1176
2021-01-21T20:00:00.000000000Z,1.21606,1.21659,1.21576,1.21655,1451
2021-01-21T20:30:00.000000000Z,1.21654,1.21708,1.21640,1.21695,1149
2021-01-21T21:00:00.000000000Z,1.21697,1.21697,1.21660,1.21661,558
2021-01-21T21:30:00.000000000Z,1.21660,1.21709,1.21655,1.21687,599
2021-01-21T22:00:00.000000000Z,1.21688,1.21696,1.21679,1.21695,23
2021-01-21T22:30:00.000000000Z,1.21692,1.21693,1.21668,1.21693,35
2021-01-21T23:00:00.000000000Z,1.21696,1.21723,1.21664,1.21687,488
2021-01-21T23:30:00.000000000Z,1.21689,1.21694,1.21654,1.21663,325
2021-01-22T00:00:00.000000000Z,1.21665,1.21786,1.21656,1.21718,943
2021-01-22T00:30:00.000000000Z,1.21716,1.21744,1.21692,1.21697,712
2021-01-22T01:00:00.000000000Z,1.21696,1.21702,1.21623,1.21668,1114
2021-01-22T01:30:00.000000000Z,1.21667,1.21743,1.21644,1.21737,1048
2021-01-22T02:00:00.000000000Z,1.21739,1.21768,1.21708,1.21731,1221
2021-01-22T02:30:00.000000000Z,1.21731,1.21766,1.21730,1.21748,683
2021-01-22T03:00:00.000000000Z,1.21748,1.21763,1.21719,1.21727,677
2021-01-22T03:30:00.000000000Z,1.21726,1.21761,1.21721,1.21745,461
2021-01-22T04:00:00.000000000Z,1.21744,1.21776,1.21720,1.21745,478
2021-01-22T04:30:00.000000000Z,1.21745,1.21767,1.21734,1.21742,531
2021-01-22T05:00:00.000000000Z,1.21741,1.21753,1.21722,1.21750,455
2021-01-22T05:30:00.000000000Z,1.21746,1.21747,1.21716,1.21728,588
2021-01-22T06:00:00.000000000Z,1.21727,1.21729,1.21635,1.21671,1416
2021-01-22T06:30:00.000000000Z,1.21672,1.21688,1.21659,1.21660,867
2021-01-22T07:00:00.000000000Z,1.21659,1.21659,1.21552,1.21570,2329
2021-01-22T07:30:00.000000000Z,1.21571,1.21609,1.21540,1.21575,2313
2021-01-22T08:00:00.000000000Z,1.21574,1.21616,1.21523,1.21579,3218
2021-01-22T08:30:00.000000000Z,1.21588,1.21847,1.21580,1.21807,4677
2021-01-22T09:00:00.000000000Z,1.21810,1.21902,1.21689,1.21728,3734
2021-01-22T09:30:00.000000000Z,1.21727,1.21766,1.21608,1.21747,3991
2021-01-22T10:00:00.000000000Z,1.21747,1.21786,1.21718,1.21775,2678
2021-01-22T10:30:00.000000000Z,1.21778,1.21781,1.21670,1.21690,2300
2021-01-22T11:00:00.000000000Z,1.21693,1.21827,1.21691,1.21814,2573
2021-01-22T11:30:00.000000000Z,1.21815,1.21884,1.21770,1.21772,2357
2021-01-22T12:00:00.000000000Z,1.21773,1.21819,1.21660,1.21692,2645
2021-01-22T12:30:00.000000000Z,1.21690,1.21712,1.21600,1.21645,2534
2021-01-22T13:00:00.000000000Z,1.21646,1.21660,1.21558,1.21631,3052
2021-01-22T13:30:00.000000000Z,1.21630,1.21715,1.21615,1.21662,2624
2021-01-22T14:00:00.000000000Z,1.21663,1.21687,1.21551,1.21609,2347
2021-01-22T14:30:00.000000000Z,1.21607,1.21752,1.21552,1.21746,4302
2021-01-22T15:00:00.000000000Z,1.21748,1.21856,1.21735,1.21790,3956
2021-01-22T15:30:00.000000000Z,1.21792,1.21816,1.21629,1.21729,4411
2021-01-22T16:00:00.000000000Z,1.21731,1.21802,1.21714,1.21751,3272
2021-01-22T16:30:00.000000000Z,1.21750,1.21825,1.21740,1.21783,2397
2021-01-22T17:00:00.000000000Z,1.21783,1.21801,1.21698,1.21713,2080
2021-01-22T17:30:00.000000000Z,1.21714,1.21725,1.21636,1.21680,1841
2021-01-22T18:00:00.000000000Z,1.21679,1.21717,1.21661,1.21702,1355
2021-01-22T18:30:00.000000000Z,1.21704,1.21706,1.21671,1.21697,1185
2021-01-22T19:00:00.000000000Z,1.21699,1.21741,1.21695,1.21737,1023
2021-01-22T19:30:00.000000000Z,1.21736,1.21736,1.21671,1.21672,1033
2021-01-22T20:00:00.000000000Z,1.21672,1.21709,1.21660,1.21692,1058
2021-01-22T20:30:00.000000000Z,1.21693,1.21728,1.21687,1.21688,1051
2021-01-22T21:00:00.000000000Z,1.21691,1.21715,1.21666,1.21704,512
2021-01-22T21:30:00.000000000Z,1.21704,1.21806,1.21683,1.21729,511
2021-01-24T22:00:00.000000000Z,1.21766,1.21766,1.21672,1.21742,63
2021-01-24T22:30:00.000000000Z,1.21738,1.21763,1.21700,1.21714,38
2021-01-24T23:00:00.000000000Z,1.21703,1.21715,1.21657,1.21661,491
2021-01-24T23:30:00.000000000Z,1.21661,1.21717,1.21654,1.21678,449
2021-01-25T00:00:00.000000000Z,1.21680,1.21731,1.21674,1.21720,897
2021-01-25T00:30:00.000000000Z,1.21719,1.21744,1.21673,1.21685,857
2021-01-25T01:00:00.000000000Z,1.21686,1.21696,1.21627,1.21649,1403
2021-01-25T01:30:00.000000000Z,1.21649,1.21680,1.21609,1.21650,1333
2021-01-25T02:00:00.000000000Z,1.21652,1.21702,1.21652,1.21690,872
2021-01-25T02:30:00.000000000Z,1.21690,1.21763,1.21687,1.21712,1044
2021-01-25T03:00:00.000000000Z,1.21713,1.21788,1.21713,1.21779,705
2021-01-25T03:30:00.000000000Z,1.21778,1.21783,1.21742,1.21758,665
2021-01-25T04:00:00.000000000Z,1.21759,1.21801,1.21759,1.21794,442
2021-01-25T04:30:00.000000000Z,1.21796,1.21811,1.21761,1.21768,545
2021-01-25T05:00:00.000000000Z,1.21768,1.21811,1.21757,1.21795,641
2021-01-25T05:30:00.000000000Z,1.21797,1.21817,1.21776,1.21814,894
2021-01-25T06:00:00.000000000Z,1.21816,1.21841,1.21767,1.21804,1647
2021-01-25T06:30:00.000000000Z,1.21804,1.21822,1.21746,1.21778,1264
2021-01-25T07:00:00.000000000Z,1.21783,1.21802,1.21724,1.21767,2470
2021-01-25T07:30:00.000000000Z,1.21769,1.21835,1.21758,1.21803,2570
2021-01-25T08:00:00.000000000Z,1.21803,1.21808,1.21693,1.21774,3905
2021-01-25T08:30:00.000000000Z,1.21772,1.21779,1.21692,1.21740,2736
2021-01-25T09:00:00.000000000Z,1.21739,1.21755,1.21491,1.21565,4371
2021-01-25T09:30:00.000000000Z,1.21567,1.21597,1.21449,1.21482,3726
2021-01-25T10:00:00.000000000Z,1.21482,1.21513,1.21407,1.21506,3328
2021-01-25T10:30:00.000000000Z,1.21505,1.21598,1.21487,1.21580,2981
2021-01-25T11:00:00.000000000Z,1.21581,1.21621,1.21549,1.21591,2266
2021-01-25T11:30:00.000000000Z,1.21588,1.21633,1.21568,1.21574,2591
2021-01-25T12:00:00.000000000Z,1.21572,1.21602,1.21536,1.21542,2435
2021-01-25T12:30:00.000000000Z,1.21540,1.21575,1.21504,1.21540,2984
2021-01-25T13:00:00.000000000Z,1.21542,1.21544,1.21509,1.21519,2821
2021-01-25T13:30:00.000000000Z,1.21518,1.21532,1.21442,1.21477,3139
2021-01-25T14:00:00.000000000Z,1.21478,1.21531,1.21411,1.21446,2741
2021-01-25T14:30:00.000000000Z,1.21448,1.21503,1.21206,1.21213,5845
2021-01-25T15:00:00.000000000Z,1.21212,1.21286,1.21168,1.21217,5530
2021-01-25T15:30:00.000000000Z,1.21216,1.21321,1.21194,1.21309,5429
2021-01-25T16:00:00.000000000Z,1.21308,1.21331,1.21202,1.21320,6132
2021-01-25T16:30:00.000000000Z,1.21321,1.21389,1.21288,1.21375,3451
2021-01-25T17:00:00.000000000Z,1.21374,1.21449,1.21369,1.21413,2813
2021-01-25T17:30:00.000000000Z,1.21413,1.21485,1.21411,1.21452,2505
2021-01-25T18:00:00.000000000Z,1.21453,1.21473,1.21429,1.21448,1787
2021-01-25T18:30:00.000000000Z,1.21449,1.21451,1.21408,1.21437,1287
2021-01-25T19:00:00.000000000Z,1.21438,1.21453,1.21378,1.21384,1438
2021-01-25T19:30:00.000000000Z,1.21382,1.21410,1.21376,1.21394,1035
2021-01-25T20:00:00.000000000Z,1.21395,1.21412,1.21371,1.21378,1167
2021-01-25T20:30:00.000000000Z,1.21380,1.21424,1.21367,1.21422,1099
2021-01-25T21:00:00.000000000Z,1.21420,1.21422,1.21391,1.21407,661
2021-01-25T21:30:00.000000000Z,1.21406,1.21444,1.21406,1.21423,554
2021-01-25T22:00:00.000000000Z,1.21423,1.21488,1.21423,1.21468,25
2021-01-25T22:30:00.000000000Z,1.21472,1.21473,1.21408,1.21457,240
2021-01-25T23:00:00.000000000Z,1.21451,1.21473,1.21425,1.21438,209
2021-01-25T23:30:00.000000000Z,1.21440,1.21450,1.21430,1.21436,154
2021-01-26T00:00:00.000000000Z,1.21434,1.21434,1.21372,1.21382,467
2021-01-26T00:30:00.000000000Z,1.21381,1.21387,1.21340,1.21350,446
2021-01-26T01:00:00.000000000Z,1.21351,1.21385,1.21342,1.21348,696
2021-01-26T01:30:00.000000000Z,1.21347,1.21465,1.21342,1.21464,1058
2021-01-26T02:00:00.000000000Z,1.21462,1.21471,1.21433,1.21443,881
2021-01-26T02:30:00.000000000Z,1.21441,1.21468,1.21431,1.21431,753
2021-01-26T03:00:00.000000000Z,1.21432,1.21449,1.21415,1.21436,600
2021-01-26T03:30:00.000000000Z,1.21437,1.21441,1.21385,1.21406,568
2021-01-26T04:00:00.000000000Z,1.21403,1.21408,1.21377,1.21379,514
2021-01-26T04:30:00.000000000Z,1.21378,1.21378,1.21281,1.21311,1140
2021-01-26T05:00:00.000000000Z,1.21312,1.21314,1.21277,1.21303,757
2021-01-26T05:30:00.000000000Z,1.21304,1.21327,1.21282,1.21318,716
2021-01-26T06:00:00.000000000Z,1.21317,1.21319,1.21258,1.21304,1456
2021-01-26T06:30:00.000000000Z,1.21304,1.21309,1.21240,1.21279,1341
2021-01-26T07:00:00.000000000Z,1.21287,1.21320,1.21242,1.21253,2593
2021-01-26T07:30:00.000000000Z,1.21255,1.21273,1.21086,1.21121,3895
2021-01-26T08:00:00.000000000Z,1.21122,1.21322,1.21122,1.21268,4813
2021-01-26T08:30:00.000000000Z,1.21266,1.21423,1.21265,1.21390,4173
2021-01-26T09:00:00.000000000Z,1.21391,1.21395,1.21275,1.21290,3662
2021-01-26T09:30:00.000000000Z,1.21291,1.21360,1.21216,1.21297,3430
2021-01-26T10:00:00.000000000Z,1.21299,1.21357,1.21239,1.21343,3350
2021-01-26T10:30:00.000000000Z,1.21342,1.21354,1.21249,1.21276,2585
2021-01-26T11:00:00.000000000Z,1.21274,1.21433,1.21257,1.21416,2949
2021-01-26T11:30:00.000000000Z,1.21414,1.21435,1.21361,1.21383,2851
2021-01-26T12:00:00.000000000Z,1.21384,1.21466,1.21368,1.21426,3113
2021-01-26T12:30:00.000000000Z,1.21427,1.21500,1.21395,1.21450,3478
2021-01-26T13:00:00.000000000Z,1.21451,1.21484,1.21414,1.21451,2643
2021-01-26T13:30:00.000000000Z,1.21451,1.21625,1.21447,1.21573,3700
2021-01-26T14:00:00.000000000Z,1.21576,1.21650,1.21576,1.21594,3166
2021-01-26T14:30:00.000000000Z,1.21595,1.21635,1.21546,1.21601,4188
2021-01-26T15:00:00.000000000Z,1.21600,1.21698,1.21582,1.21667,4241
2021-01-26T15:30:00.000000000Z,1.21669,1.21767,1.21637,1.21683,4766
2021-01-26T16:00:00.000000000Z,1.21686,1.21697,1.21603,1.21624,3266
2021-01-26T16:30:00.000000000Z,1.21627,1.21640,1.21408,1.21471,3614
2021-01-26T17:00:00.000000000Z,1.21470,1.21563,1.21466,1.21548,2448
2021-01-26T17:30:00.000000000Z,1.21546,1.21590,1.21531,1.21580,1822
2021-01-26T18:00:00.000000000Z,1.21580,1.21644,1.21569,1.21623,1670
2021-01-26T18:30:00.000000000Z,1.21624,1.21658,1.21609,1.21645,1058
2021-01-26T19:00:00.000000000Z,1.21645,1.21666,1.21602,1.21665,1190
2021-01-26T19:30:00.000000000Z,1.21664,1.21690,1.21653,1.21654,1236
2021-01-26T20:00:00.000000000Z,1.21655,1.21686,1.21646,1.21677,944
2021-01-26T20:30:00.000000000Z,1.21677,1.21685,1.21656,1.21680,996
2021-01-26T21:00:00.000000000Z,1.21682,1.21692,1.21646,1.21651,623
2021-01-26T21:30:00.000000000Z,1.21649,1.21652,1.21597,1.21609,1062
2021-01-26T22:00:00.000000000Z,1.21648,1.21693,1.21630,1.21659,28
2021-01-26T22:30:00.000000000Z,1.21646,1.21659,1.21629,1.21647,32
2021-01-26T23:00:00.000000000Z,1.21640,1.21645,1.21616,1.21635,267
2021-01-26T23:30:00.000000000Z,1.21635,1.21645,1.21611,1.21641,340
2021-01-27T00:00:00.000000000Z,1.21639,1.21698,1.21628,1.21695,619
2021-01-27T00:30:00.000000000Z,1.21694,1.21706,1.21613,1.21631,965
2021-01-27T01:00:00.000000000Z,1.21631,1.21679,1.21605,1.21676,930
2021-01-27T01:30:00.000000000Z,1.21675,1.21677,1.21591,1.21616,961
2021-01-27T02:00:00.000000000Z,1.21617,1.21619,1.21563,1.21572,705
2021-01-27T02:30:00.000000000Z,1.21574,1.21606,1.21562,1.21599,675
2021-01-27T03:00:00.000000000Z,1.21598,1.21599,1.21555,1.21586,676
2021-01-27T03:30:00.000000000Z,1.21585,1.21601,1.21569,1.21575,524
2021-01-27T04:00:00.000000000Z,1.21576,1.21583,1.21537,1.21571,645
2021-01-27T04:30:00.000000000Z,1.21569,1.21588,1.21559,1.21581,358
2021-01-27T05:00:00.000000000Z,1.21580,1.21587,1.21568,1.21576,402
2021-01-27T05:30:00.000000000Z,1.21575,1.21659,1.21575,1.21641,789
2021-01-27T06:00:00.000000000Z,1.21637,1.21667,1.21617,1.21630,1108
2021-01-27T06:30:00.000000000Z,1.21628,1.21652,1.21594,1.21638,903
2021-01-27T07:00:00.000000000Z,1.21638,1.21638,1.21569,1.21579,1856
2021-01-27T07:30:00.000000000Z,1.21577,1.21605,1.21524,1.21559,2110
2021-01-27T08:00:00.000000000Z,1.21560,1.21593,1.21445,1.21476,4569
2021-01-27T08:30:00.000000000Z,1.21475,1.21541,1.21446,1.21488,3312
2021-01-27T09:00:00.000000000Z,1.21487,1.21495,1.21202,1.21243,5645
2021-01-27T09:30:00.000000000Z,1.21243,1.21341,1.21222,1.21234,4028
2021-01-27T10:00:00.000000000Z,1.21233,1.21309,1.21194,1.21303,2892
2021-01-27T10:30:00.000000000Z,1.21301,1.21337,1.21254,1.21318,2154
2021-01-27T11:00:00.000000000Z,1.21317,1.21319,1.21193,1.21198,3033
2021-01-27T11:30:00.000000000Z,1.21197,1.21239,1.21141,1.21173,4094
2021-01-27T12:00:00.000000000Z,1.21171,1.21205,1.21107,1.21160,3825
2021-01-27T12:30:00.000000000Z,1.21157,1.21204,1.21062,1.21085,4654
2021-01-27T13:00:00.000000000Z,1.21084,1.21178,1.21052,1.21157,4216
2021-01-27T13:30:00.000000000Z,1.21156,1.21158,1.20988,1.21119,4421
2021-01-27T14:00:00.000000000Z,1.21119,1.21131,1.20999,1.21053,3923
2021-01-27T14:30:00.000000000Z,1.21055,1.21067,1.20594,1.20690,10904
2021-01-27T15:00:00.000000000Z,1.20691,1.20818,1.20684,1.20764,6963
2021-01-27T15:30:00.000000000Z,1.20763,1.20991,1.20738,1.20919,7116
2021-01-27T16:00:00.000000000Z,1.20921,1.21035,1.20900,1.21018,4397
2021-01-27T16:30:00.000000000Z,1.21019,1.21103,1.20972,1.21011,4081
2021-01-27T17:00:00.000000000Z,1.21010,1.21105,1.20980,1.21065,2967
2021-01-27T17:30:00.000000000Z,1.21066,1.21202,1.21001,1.21186,3437
2021-01-27T18:00:00.000000000Z,1.21186,1.21197,1.21115,1.21130,2393
2021-01-27T18:30:00.000000000Z,1.21132,1.21221,1.21124,1.21217,2130
2021-01-27T19:00:00.000000000Z,1.21216,1.21301,1.21078,1.21082,4379
2021-01-27T19:30:00.000000000Z,1.21080,1.21183,1.20988,1.21008,5650
2021-01-27T20:00:00.000000000Z,1.21009,1.21065,1.20939,1.21030,5155
2021-01-27T20:30:00.000000000Z,1.21029,1.21088,1.20959,1.21056,3880
2021-01-27T21:00:00.000000000Z,1.21054,1.21149,1.21027,1.21139,2328
2021-01-27T21:30:00.000000000Z,1.21141,1.21144,1.21098,1.21133,1043
2021-01-27T22:00:00.000000000Z,1.21133,1.21159,1.21108,1.21121,50
2021-01-27T22:30:00.000000000Z,1.21122,1.21128,1.21080,1.21102,81
2021-01-27T23:00:00.000000000Z,1.21100,1.21124,1.21017,1.21026,530
2021-01-27T23:30:00.000000000Z,1.21029,1.21043,1.20953,1.21036,852
2021-01-28T00:00:00.000000000Z,1.21035,1.21057,1.20883,1.20887,1634
2021-01-28T00:30:00.000000000Z,1.20887,1.20982,1.20837,1.20888,2026
2021-01-28T01:00:00.000000000Z,1.20886,1.21003,1.20869,1.20982,1733
2021-01-28T01:30:00.000000000Z,1.20982,1.21068,1.20946,1.21021,1305
2021-01-28T02:00:00.000000000Z,1.21020,1.21060,1.20994,1.21013,1099
2021-01-28T02:30:00.000000000Z,1.21011,1.21030,1.20914,1.20951,1122
2021-01-28T03:00:00.000000000Z,1.20950,1.20950,1.20884,1.20908,1142
2021-01-28T03:30:00.000000000Z,1.20910,1.20936,1.20899,1.20920,1215
2021-01-28T04:00:00.000000000Z,1.20920,1.20933,1.20878,1.20909,1080
2021-01-28T04:30:00.000000000Z,1.20906,1.20947,1.20887,1.20944,1022
2021-01-28T05:00:00.000000000Z,1.20943,1.20958,1.20923,1.20930,998
2021-01-28T05:30:00.000000000Z,1.20932,1.21065,1.20930,1.21063,1285
2021-01-28T06:00:00.000000000Z,1.21064,1.21064,1.20942,1.20999,1967
2021-01-28T06:30:00.000000000Z,1.21000,1.21052,1.20955,1.21041,1340
2021-01-28T07:00:00.000000000Z,1.21040,1.21041,1.20843,1.20861,3445
2021-01-28T07:30:00.000000000Z,1.20859,1.20989,1.20814,1.20948,4547
2021-01-28T08:00:00.000000000Z,1.20951,1.21143,1.20922,1.21045,6368
2021-01-28T08:30:00.000000000Z,1.21044,1.21061,1.20897,1.20918,5309
2021-01-28T09:00:00.000000000Z,1.20920,1.21105,1.20912,1.21079,4785
2021-01-28T09:30:00.000000000Z,1.21080,1.21120,1.21033,1.21095,4549
2021-01-28T10:00:00.000000000Z,1.21094,1.21124,1.21043,1.21053,3979
2021-01-28T10:30:00.000000000Z,1.21052,1.21182,1.21042,1.21096,3945
2021-01-28T11:00:00.000000000Z,1.21095,1.21124,1.21019,1.21058,4030
2021-01-28T11:30:00.000000000Z,1.21060,1.21073,1.20965,1.21030,3283
2021-01-28T12:00:00.000000000Z,1.21031,1.21126,1.20992,1.21108,3499
2021-01-28T12:30:00.000000000Z,1.21112,1.21118,1.20987,1.20999,3608
2021-01-28T13:00:00.000000000Z,1.20997,1.21017,1.20888,1.20988,4005
2021-01-28T13:30:00.000000000Z,1.20990,1.21320,1.20912,1.21293,6693
2021-01-28T14:00:00.000000000Z,1.21294,1.21433,1.21227,1.21283,6229
2021-01-28T14:30:00.000000000Z,1.21281,1.21392,1.21246,1.21303,7127
2021-01-28T15:00:00.000000000Z,1.21301,1.21427,1.21283,1.21368,6084
2021-01-28T15:30:00.000000000Z,1.21369,1.21397,1.21221,1.21222,4852
2021-01-28T16:00:00.000000000Z,1.21223,1.21289,1.21201,1.21271,3825
2021-01-28T16:30:00.000000000Z,1.21269,1.21302,1.21195,1.21223,3725
2021-01-28T17:00:00.000000000Z,1.21224,1.21278,1.21218,1.21243,3088
2021-01-28T17:30:00.000000000Z,1.21244,1.21312,1.21223,1.21258,2796
2021-01-28T18:00:00.000000000Z,1.21260,1.21328,1.21247,1.21311,2352
2021-01-28T18:30:00.000000000Z,1.21310,1.21382,1.21296,1.21354,2006
2021-01-28T19:00:00.000000000Z,1.21356,1.21402,1.21335,1.21364,1647
2021-01-28T19:30:00.000000000Z,1.21362,1.21407,1.21321,1.21323,2207
2021-01-28T20:00:00.000000000Z,1.21322,1.21385,1.21294,1.21298,2046
2021-01-28T20:30:00.000000000Z,1.21297,1.21348,1.21257,1.21266,2192
2021-01-28T21:00:00.000000000Z,1.21269,1.21278,1.21193,1.21204,1105
2021-01-28T21:30:00.000000000Z,1.21208,1.21237,1.21192,1.21226,897
2021-01-28T22:00:00.000000000Z,1.21279,1.21339,1.21229,1.21263,121
2021-01-28T22:30:00.000000000Z,1.21253,1.21266,1.21205,1.21232,149
2021-01-28T23:00:00.000000000Z,1.21232,1.21252,1.21215,1.21248,207
2021-01-28T23:30:00.000000000Z,1.21248,1.21254,1.21193,1.21218,244
2021-01-29T00:00:00.000000000Z,1.21216,1.21228,1.21156,1.21156,916
2021-01-29T00:30:00.000000000Z,1.21157,1.21157,1.21046,1.21081,1530
2021-01-29T01:00:00.000000000Z,1.21080,1.21158,1.21071,1.21142,1110
2021-01-29T01:30:00.000000000Z,1.21144,1.21170,1.21083,1.21091,964
2021-01-29T02:00:00.000000000Z,1.21093,1.21098,1.21047,1.21071,1018
2021-01-29T02:30:00.000000000Z,1.21071,1.21077,1.21028,1.21051,1130
2021-01-29T03:00:00.000000000Z,1.21049,1.21073,1.21005,1.21032,981
2021-01-29T03:30:00.000000000Z,1.21030,1.21030,1.20981,1.20981,1067
2021-01-29T04:00:00.000000000Z,1.20980,1.20998,1.20959,1.20988,1204
2021-01-29T04:30:00.000000000Z,1.20987,1.21030,1.20973,1.21006,1021
2021-01-29T05:00:00.000000000Z,1.21003,1.21019,1.20967,1.21003,1049
2021-01-29T05:30:00.000000000Z,1.21001,1.21025,1.20953,1.21003,955
2021-01-29T06:00:00.000000000Z,1.21002,1.21040,1.20987,1.21026,1306
2021-01-29T06:30:00.000000000Z,1.21024,1.21076,1.21023,1.21065,1385
2021-01-29T07:00:00.000000000Z,1.21064,1.21096,1.21008,1.21014,2392
2021-01-29T07:30:00.000000000Z,1.21013,1.21089,1.21003,1.21053,3554
2021-01-29T08:00:00.000000000Z,1.21051,1.21141,1.20979,1.21070,5660
2021-01-29T08:30:00.000000000Z,1.21070,1.21207,1.21023,1.21179,4375
2021-01-29T09:00:00.000000000Z,1.21178,1.21190,1.21077,1.21094,4583
2021-01-29T09:30:00.000000000Z,1.21093,1.21220,1.21067,1.21173,5176
2021-01-29T10:00:00.000000000Z,1.21173,1.21298,1.21077,1.21262,4369
2021-01-29T10:30:00.000000000Z,1.21260,1.21352,1.21203,1.21351,4100
2021-01-29T11:00:00.000000000Z,1.21350,1.21385,1.21305,1.21363,3714
2021-01-29T11:30:00.000000000Z,1.21363,1.21395,1.21274,1.21274,3023
2021-01-29T12:00:00.000000000Z,1.21275,1.21456,1.21274,1.21444,3957
2021-01-29T12:30:00.000000000Z,1.21444,1.21494,1.21340,1.21343,3954
2021-01-29T13:00:00.000000000Z,1.21343,1.21462,1.21277,1.21399,7632
2021-01-29T13:30:00.000000000Z,1.21402,1.21530,1.21392,1.21470,5915
2021-01-29T14:00:00.000000000Z,1.21471,1.21570,1.21471,1.21499,4484
2021-01-29T14:30:00.000000000Z,1.21500,1.21557,1.21403,1.21475,6347
2021-01-29T15:00:00.000000000Z,1.21475,1.21516,1.21376,1.21469,5317
2021-01-29T15:30:00.000000000Z,1.21468,1.21559,1.21255,1.21501,7948
2021-01-29T16:00:00.000000000Z,1.21499,1.21541,1.21307,1.21408,6417
2021-01-29T16:30:00.000000000Z,1.21410,1.21466,1.21336,1.21358,4668
2021-01-29T17:00:00.000000000Z,1.21359,1.21446,1.21334,1.21370,3391
2021-01-29T17:30:00.000000000Z,1.21368,1.21398,1.21300,1.21331,3656
2021-01-29T18:00:00.000000000Z,1.21330,1.21373,1.21281,1.21330,3335
2021-01-29T18:30:00.000000000Z,1.21329,1.21357,1.21295,1.21304,2567
2021-01-29T19:00:00.000000000Z,1.21303,1.21357,1.21298,1.21309,2255
2021-01-29T19:30:00.000000000Z,1.21309,1.21354,1.21291,1.21316,2544
2021-01-29T20:00:00.000000000Z,1.21314,1.21377,1.21312,1.21355,2047
2021-01-29T20:30:00.000000000Z,1.21353,1.21400,1.21320,1.21355,2476
2021-01-29T21:00:00.000000000Z,1.21357,1.21396,1.21311,1.21345,1191
2021-01-29T21:30:00.000000000Z,1.21344,1.21406,1.21315,1.21395,829
2021-01-31T22:00:00.000000000Z,1.21360,1.21386,1.21310,1.21310,101
2021-01-31T22:30:00.000000000Z,1.21310,1.21350,1.21300,1.21316,254
2021-01-31T23:00:00.000000000Z,1.21319,1.21366,1.21213,1.21271,1612
2021-01-31T23:30:00.000000000Z,1.21271,1.21297,1.21224,1.21238,1409
2021-02-01T00:00:00.000000000Z,1.21236,1.21289,1.21210,1.21289,1299
2021-02-01T00:30:00.000000000Z,1.21292,1.21307,1.21224,1.21307,1033
2021-02-01T01:00:00.000000000Z,1.21305,1.21373,1.21279,1.21361,1258
2021-02-01T01:30:00.000000000Z,1.21364,1.21369,1.21265,1.21282,1226
2021-02-01T02:00:00.000000000Z,1.21284,1.21305,1.21264,1.21285,808
2021-02-01T02:30:00.000000000Z,1.21284,1.21299,1.21255,1.21280,935
2021-02-01T03:00:00.000000000Z,1.21282,1.21302,1.21267,1.21296,681
2021-02-01T03:30:00.000000000Z,1.21299,1.21324,1.21295,1.21302,665
2021-02-01T04:00:00.000000000Z,1.21301,1.21344,1.21300,1.21316,908
2021-02-01T04:30:00.000000000Z,1.21315,1.21325,1.21282,1.21285,797
2021-02-01T05:00:00.000000000Z,1.21288,1.21304,1.21270,1.21277,643
2021-02-01T05:30:00.000000000Z,1.21277,1.21332,1.21268,1.21308,1002
2021-02-01T06:00:00.000000000Z,1.21309,1.21336,1.21291,1.21316,1110
2021-02-01T06:30:00.000000000Z,1.21314,1.21314,1.21287,1.21300,815
2021-02-01T07:00:00.000000000Z,1.21302,1.21316,1.21225,1.21259,2178
2021-02-01T07:30:00.000000000Z,1.21258,1.21301,1.21244,1.21291,2410
2021-02-01T08:00:00.000000000Z,1.21289,1.21316,1.21135,1.21136,5422
2021-02-01T08:30:00.000000000Z,1.21137,1.21172,1.20889,1.20896,5256
2021-02-01T09:00:00.000000000Z,1.20895,1.21025,1.20843,1.21019,4917
2021-02-01T09:30:00.000000000Z,1.21018,1.21051,1.20921,1.20945,3418
2021-02-01T10:00:00.000000000Z,1.20944,1.20949,1.20839,1.20891,2811
2021-02-01T10:30:00.000000000Z,1.20889,1.20889,1.20702,1.20805,4716
2021-02-01T11:00:00.000000000Z,1.20804,1.20830,1.20758,1.20815,2684
2021-02-01T11:30:00.000000000Z,1.20814,1.20852,1.20733,1.20824,2480
2021-02-01T12:00:00.000000000Z,1.20825,1.20893,1.20808,1.20831,2806
2021-02-01T12:30:00.000000000Z,1.20832,1.20870,1.20728,1.20763,3747
2021-02-01T13:00:00.000000000Z,1.20764,1.20893,1.20736,1.20823,4323
2021-02-01T13:30:00.000000000Z,1.20823,1.20936,1.20800,1.20855,3995
2021-02-01T14:00:00.000000000Z,1.20856,1.20997,1.20843,1.20995,3473
2021-02-01T14:30:00.000000000Z,1.20993,1.21003,1.20877,1.20882,5927
